node_id,lambda_size,w_size,upper_bound,lower_bound,no_pruning_windows,gain_factor
1,2,1,1,1,1,1
10,2,1,1,1,1,1
11,2,1,1,1,1,1
12,2,1,1,1,1,1
13,2,1,1,1,1,1
14,2,1,1,1,1,1
15,2,1,1,1,1,1
16,1,1,1,1,1,1
2,2,1,1,1,1,1
3,1,1,1,1,1,1
4,2,1,1,1,1,1
5,2,1,1,1,1,1
6,1,1,1,1,1,1
7,1,1,1,1,1,1
8,1,1,1,1,1,1
9,2,1,1,1,1,1
18,1,1,1,1,1,1
19,1,1,1,1,1,1
21,1,1,1,1,1,1
24,2,1,1,1,1,1
25,2,1,1,1,1,1
26,2,1,1,1,1,1
17,2,1,1,1,1,1
20,1,1,1,1,1,1
22,2,1,1,1,1,1
23,2,1,1,1,1,1
27,2,1,1,1,1,1
28,1,1,1,1,1,1
29,1,1,1,1,1,1
30,1,1,1,1,1,1
31,2,1,1,1,1,1
32,1,1,1,1,1,1
33,1,1,1,1,1,1
34,1,1,1,1,1,1
36,1,1,1,1,1,1
37,1,1,1,1,1,1
41,1,1,1,1,1,1
42,1,1,1,1,1,1
43,1,1,1,1,1,1
44,1,1,1,1,1,1
45,1,1,1,1,1,1
46,1,1,1,1,1,1
47,1,1,1,1,1,1
38,1,1,1,1,1,1
39,1,1,1,1,1,1
40,1,1,1,1,1,1
48,1,1,1,1,1,1
50,1,1,1,1,1,1
49,1,1,1,1,1,1
51,1,1,1,1,1,1
52,1,1,1,1,1,1
35,1,1,1,1,1,1
