mu,method,query_id,v,query_time_us,space_entries
40,naive,0,2394,44033.8,0
40,mia_soluzione,0,2394,30.018,303216
40,alternativa,0,2394,870.686,318936
40,naive,1,6771,3809.61,0
40,mia_soluzione,1,6771,4.125,303216
40,alternativa,1,6771,835.176,318936
40,naive,2,57,2174.97,0
40,mia_soluzione,2,57,6,303216
40,alternativa,2,57,4529.49,318936
40,naive,3,6633,2396.3,0
40,mia_soluzione,3,6633,5.488,303216
40,alternativa,3,6633,451.541,318936
40,naive,4,3730,42251.1,0
40,mia_soluzione,4,3730,11.594,303216
40,alternativa,4,3730,694.471,318936
40,naive,5,266,20479.7,0
40,mia_soluzione,5,266,22.764,303216
40,alternativa,5,266,764.204,318936
40,naive,6,2177,957.175,0
40,mia_soluzione,6,2177,4.659,303216
40,alternativa,6,2177,699.123,318936
40,naive,7,7043,2165.53,0
40,mia_soluzione,7,7043,2.565,303216
40,alternativa,7,7043,696.536,318936
40,naive,8,3425,9733.32,0
40,mia_soluzione,8,3425,9.909,303216
40,alternativa,8,3425,790.92,318936
40,naive,9,1433,4461.93,0
40,mia_soluzione,9,1433,6.275,303216
40,alternativa,9,1433,762.949,318936
40,naive,10,6361,1738.94,0
40,mia_soluzione,10,6361,4.656,303216
40,alternativa,10,6361,710.284,318936
40,naive,11,4203,864.791,0
40,mia_soluzione,11,4203,5.704,303216
40,alternativa,11,4203,740.997,318936
40,naive,12,4647,1353.37,0
40,mia_soluzione,12,4647,4.242,303216
40,alternativa,12,4647,709.618,318936
40,naive,13,672,698.933,0
40,mia_soluzione,13,672,3.418,303216
40,alternativa,13,672,705.08,318936
40,naive,14,695,1568.93,0
40,mia_soluzione,14,695,11.258,303216
40,alternativa,14,695,698.798,318936
40,naive,15,2217,873.963,0
40,mia_soluzione,15,2217,5.163,303216
40,alternativa,15,2217,677.863,318936
40,naive,16,4296,3376.57,0
40,mia_soluzione,16,4296,4.938,303216
40,alternativa,16,4296,775.636,318936
40,naive,17,1770,707.05,0
40,mia_soluzione,17,1770,3.736,303216
40,alternativa,17,1770,705.478,318936
40,naive,18,2786,2811.71,0
40,mia_soluzione,18,2786,15.445,303216
40,alternativa,18,2786,753.807,318936
40,naive,19,3568,1283.58,0
40,mia_soluzione,19,3568,5.283,303216
40,alternativa,19,3568,772.864,318936
40,naive,20,1030,530.506,0
40,mia_soluzione,20,1030,5.384,303216
40,alternativa,20,1030,737.061,318936
40,naive,21,1125,512.57,0
40,mia_soluzione,21,1125,4.406,303216
40,alternativa,21,1125,686.753,318936
40,naive,22,884,1352.35,0
40,mia_soluzione,22,884,3.951,303216
40,alternativa,22,884,704.818,318936
40,naive,23,6455,2412.16,0
40,mia_soluzione,23,6455,4.152,303216
40,alternativa,23,6455,794.048,318936
40,naive,24,4795,1461.01,0
40,mia_soluzione,24,4795,3.485,303216
40,alternativa,24,4795,5983.31,318936
40,naive,25,499,7603.26,0
40,mia_soluzione,25,499,15.302,303216
40,alternativa,25,499,622.221,318936
40,naive,26,354,1016.28,0
40,mia_soluzione,26,354,4.661,303216
40,alternativa,26,354,614.193,318936
40,naive,27,2346,864.056,0
40,mia_soluzione,27,2346,4.444,303216
40,alternativa,27,2346,580.722,318936
40,naive,28,6724,2147.88,0
40,mia_soluzione,28,6724,3.624,303216
40,alternativa,28,6724,675.343,318936
40,naive,29,2236,866.974,0
40,mia_soluzione,29,2236,5.67,303216
40,alternativa,29,2236,635.111,318936
100,naive,0,3301,78057.4,0
100,mia_soluzione,0,3301,15.143,303216
100,alternativa,0,3301,795.206,318456
100,naive,1,4425,1189.99,0
100,mia_soluzione,1,4425,4.979,303216
100,alternativa,1,4425,760.567,318456
100,naive,2,3980,969.449,0
100,mia_soluzione,2,3980,3.896,303216
100,alternativa,2,3980,4152.05,318456
100,naive,3,1289,9602.52,0
100,mia_soluzione,3,1289,13.746,303216
100,alternativa,3,1289,558.032,318456
100,naive,4,2458,900.549,0
100,mia_soluzione,4,2458,18.9,303216
100,alternativa,4,2458,555.356,318456
100,naive,5,341,937.634,0
100,mia_soluzione,5,341,5.002,303216
100,alternativa,5,341,548.954,318456
100,naive,6,1869,19032.9,0
100,mia_soluzione,6,1869,19.113,303216
100,alternativa,6,1869,708.879,318456
100,naive,7,4898,3789.2,0
100,mia_soluzione,7,4898,4.288,303216
100,alternativa,7,4898,673.237,318456
100,naive,8,3194,1212.29,0
100,mia_soluzione,8,3194,7.734,303216
100,alternativa,8,3194,639.729,318456
100,naive,9,4241,5049.11,0
100,mia_soluzione,9,4241,7.515,303216
100,alternativa,9,4241,676.093,318456
100,naive,10,5751,6924.75,0
100,mia_soluzione,10,5751,3.733,303216
100,alternativa,10,5751,728.829,318456
100,naive,11,1616,478.208,0
100,mia_soluzione,11,1616,19.495,303216
100,alternativa,11,1616,674.202,318456
100,naive,12,1919,666.316,0
100,mia_soluzione,12,1919,4.852,303216
100,alternativa,12,1919,633.477,318456
100,naive,13,5340,613.065,0
100,mia_soluzione,13,5340,4.492,303216
100,alternativa,13,5340,608.492,318456
100,naive,14,3416,10846.3,0
100,mia_soluzione,14,3416,11.637,303216
100,alternativa,14,3416,821.076,318456
100,naive,15,104,1843.48,0
100,mia_soluzione,15,104,7.279,303216
100,alternativa,15,104,810.297,318456
100,naive,16,4247,912.332,0
100,mia_soluzione,16,4247,4.18,303216
100,alternativa,16,4247,737.882,318456
100,naive,17,4475,6377.17,0
100,mia_soluzione,17,4475,6.308,303216
100,alternativa,17,4475,845.71,318456
100,naive,18,4119,1625.05,0
100,mia_soluzione,18,4119,4.217,303216
100,alternativa,18,4119,776.76,318456
100,naive,19,1809,688.034,0
100,mia_soluzione,19,1809,18.735,303216
100,alternativa,19,1809,722.103,318456
100,naive,20,3667,1405.64,0
100,mia_soluzione,20,3667,3.077,303216
100,alternativa,20,3667,725.956,318456
100,naive,21,512,1127.62,0
100,mia_soluzione,21,512,4.468,303216
100,alternativa,21,512,716.895,318456
100,naive,22,3639,9665.03,0
100,mia_soluzione,22,3639,9.193,303216
100,alternativa,22,3639,896.762,318456
100,naive,23,3425,11666.2,0
100,mia_soluzione,23,3425,11.804,303216
100,alternativa,23,3425,946.117,318456
100,naive,24,729,15946.2,0
100,mia_soluzione,24,729,12.693,303216
100,alternativa,24,729,6496.83,318456
100,naive,25,4272,2312.69,0
100,mia_soluzione,25,4272,4.442,303216
100,alternativa,25,4272,423.179,318456
100,naive,26,963,700.646,0
100,mia_soluzione,26,963,4.184,303216
100,alternativa,26,963,403.413,318456
100,naive,27,5285,5817.59,0
100,mia_soluzione,27,5285,4.798,303216
100,alternativa,27,5285,664.435,318456
100,naive,28,1779,16627.8,0
100,mia_soluzione,28,1779,18.372,303216
100,alternativa,28,1779,754.964,318456
100,naive,29,3349,11823,0
100,mia_soluzione,29,3349,14.684,303216
100,alternativa,29,3349,748.396,318456
201,naive,0,5555,22058.8,0
201,mia_soluzione,0,5555,4.742,303216
201,alternativa,0,5555,890.939,317648
201,naive,1,1687,67377.4,0
201,mia_soluzione,1,1687,18.715,303216
201,alternativa,1,1687,768.628,317648
201,naive,2,4721,951.252,0
201,mia_soluzione,2,4721,4.882,303216
201,alternativa,2,4721,4246.38,317648
201,naive,3,5670,5118.7,0
201,mia_soluzione,3,5670,3.601,303216
201,alternativa,3,5670,498.653,317648
201,naive,4,5350,1806.21,0
201,mia_soluzione,4,5350,3.377,303216
201,alternativa,4,5350,516.578,317648
201,naive,5,3640,8105.64,0
201,mia_soluzione,5,3640,8.944,303216
201,alternativa,5,3640,615.69,317648
201,naive,6,177,12976.1,0
201,mia_soluzione,6,177,18.357,303216
201,alternativa,6,177,639.405,317648
201,naive,7,7071,1739.49,0
201,mia_soluzione,7,7071,3.528,303216
201,alternativa,7,7071,617.49,317648
201,naive,8,5398,1708.46,0
201,mia_soluzione,8,5398,4.197,303216
201,alternativa,8,5398,599.323,317648
201,naive,9,4504,1407.25,0
201,mia_soluzione,9,4504,4.185,303216
201,alternativa,9,4504,597.345,317648
201,naive,10,4436,8793.59,0
201,mia_soluzione,10,4436,6.632,303216
201,alternativa,10,4436,696.04,317648
201,naive,11,4228,7284.05,0
201,mia_soluzione,11,4228,7.496,303216
201,alternativa,11,4228,711.392,317648
201,naive,12,1803,668.796,0
201,mia_soluzione,12,1803,5.027,303216
201,alternativa,12,1803,673.999,317648
201,naive,13,1315,14647.3,0
201,mia_soluzione,13,1315,22.305,303216
201,alternativa,13,1315,774.39,317648
201,naive,14,4065,1427.09,0
201,mia_soluzione,14,4065,3.637,303216
201,alternativa,14,4065,717.75,317648
201,naive,15,2927,5515.01,0
201,mia_soluzione,15,2927,23.249,303216
201,alternativa,15,2927,765.418,317648
201,naive,16,5766,810.736,0
201,mia_soluzione,16,5766,5.474,303216
201,alternativa,16,5766,704.643,317648
201,naive,17,6641,2209.63,0
201,mia_soluzione,17,6641,2.72,303216
201,alternativa,17,6641,729.815,317648
201,naive,18,614,1465.56,0
201,mia_soluzione,18,614,4.098,303216
201,alternativa,18,614,716.835,317648
201,naive,19,6227,4479.38,0
201,mia_soluzione,19,6227,4.388,303216
201,alternativa,19,6227,822.081,317648
201,naive,20,5590,4086.58,0
201,mia_soluzione,20,5590,3.517,303216
201,alternativa,20,5590,768.071,317648
201,naive,21,4925,3869.49,0
201,mia_soluzione,21,4925,4.413,303216
201,alternativa,21,4925,789.529,317648
201,naive,22,1055,2124.73,0
201,mia_soluzione,22,1055,8.623,303216
201,alternativa,22,1055,787.134,317648
201,naive,23,275,886.519,0
201,mia_soluzione,23,275,5.104,303216
201,alternativa,23,275,732.747,317648
201,naive,24,4533,1005.98,0
201,mia_soluzione,24,4533,6.031,303216
201,alternativa,24,4533,708.053,317648
201,naive,25,2266,752.648,0
201,mia_soluzione,25,2266,20.428,303216
201,alternativa,25,2266,697.947,317648
201,naive,26,2935,1123.02,0
201,mia_soluzione,26,2935,4.249,303216
201,alternativa,26,2935,6019.52,317648
201,naive,27,3686,1420.97,0
201,mia_soluzione,27,3686,6.543,303216
201,alternativa,27,3686,398.395,317648
201,naive,28,3417,828.513,0
201,mia_soluzione,28,3417,15.391,303216
201,alternativa,28,3417,374.398,317648
201,naive,29,6206,6104.37,0
201,mia_soluzione,29,6206,3.885,303216
201,alternativa,29,6206,657.382,317648
301,naive,0,3779,68644.2,0
301,mia_soluzione,0,3779,13.923,303216
301,alternativa,0,3779,848.921,316848
301,naive,1,6422,9208.9,0
301,mia_soluzione,1,6422,7.366,303216
301,alternativa,1,6422,845.95,316848
301,naive,2,3120,15496.3,0
301,mia_soluzione,2,3120,16.957,303216
301,alternativa,2,3120,4782.14,316848
301,naive,3,1586,1068.84,0
301,mia_soluzione,3,1586,8.362,303216
301,alternativa,3,1586,373.945,316848
301,naive,4,2575,2441.18,0
301,mia_soluzione,4,2575,20.668,303216
301,alternativa,4,2575,384.826,316848
301,naive,5,4106,8623.73,0
301,mia_soluzione,5,4106,7.674,303216
301,alternativa,5,4106,657.644,316848
301,naive,6,2469,8371.86,0
301,mia_soluzione,6,2469,21.378,303216
301,alternativa,6,2469,710.393,316848
301,naive,7,7177,2756.4,0
301,mia_soluzione,7,7177,2.737,303216
301,alternativa,7,7177,694.438,316848
301,naive,8,5402,2124.32,0
301,mia_soluzione,8,5402,6.035,303216
301,alternativa,8,5402,670.703,316848
301,naive,9,348,1904.08,0
301,mia_soluzione,9,348,7.097,303216
301,alternativa,9,348,669.32,316848
301,naive,10,1819,772.482,0
301,mia_soluzione,10,1819,5.527,303216
301,alternativa,10,1819,658.553,316848
301,naive,11,3578,1004.98,0
301,mia_soluzione,11,3578,7.459,303216
301,alternativa,11,3578,676.77,316848
301,naive,12,3605,1481.52,0
301,mia_soluzione,12,3605,9.933,303216
301,alternativa,12,3605,647.385,316848
301,naive,13,6407,3897.17,0
301,mia_soluzione,13,6407,3.886,303216
301,alternativa,13,6407,681.768,316848
301,naive,14,5463,4493.92,0
301,mia_soluzione,14,5463,3.769,303216
301,alternativa,14,5463,751.619,316848
301,naive,15,4659,1646.86,0
301,mia_soluzione,15,4659,4.071,303216
301,alternativa,15,4659,750.171,316848
301,naive,16,486,24717.7,0
301,mia_soluzione,16,486,20.982,303216
301,alternativa,16,486,834.52,316848
301,naive,17,4544,1698.1,0
301,mia_soluzione,17,4544,4.635,303216
301,alternativa,17,4544,809.097,316848
301,naive,18,416,607.062,0
301,mia_soluzione,18,416,18.899,303216
301,alternativa,18,416,794.654,316848
301,naive,19,2024,881.58,0
301,mia_soluzione,19,2024,29.812,303216
301,alternativa,19,2024,771.632,316848
301,naive,20,4276,1074.1,0
301,mia_soluzione,20,4276,4.302,303216
301,alternativa,20,4276,715.975,316848
301,naive,21,4038,1569.27,0
301,mia_soluzione,21,4038,4.14,303216
301,alternativa,21,4038,703.829,316848
301,naive,22,1620,757.028,0
301,mia_soluzione,22,1620,20.001,303216
301,alternativa,22,1620,714.519,316848
301,naive,23,2201,899.588,0
301,mia_soluzione,23,2201,3.457,303216
301,alternativa,23,2201,678.93,316848
301,naive,24,389,1583.18,0
301,mia_soluzione,24,389,12.83,303216
301,alternativa,24,389,709.417,316848
301,naive,25,2964,577.759,0
301,mia_soluzione,25,2964,5.142,303216
301,alternativa,25,2964,679.321,316848
301,naive,26,2230,12386.6,0
301,mia_soluzione,26,2230,16.195,303216
301,alternativa,26,2230,829.778,316848
301,naive,27,3957,1359.89,0
301,mia_soluzione,27,3957,6.06,303216
301,alternativa,27,3957,6678.6,316848
301,naive,28,502,18235.1,0
301,mia_soluzione,28,502,29.569,303216
301,alternativa,28,502,648.341,316848
301,naive,29,5418,1900.01,0
301,mia_soluzione,29,5418,4.307,303216
301,alternativa,29,5418,620.549,316848
401,naive,0,2813,95218.8,0
401,mia_soluzione,0,2813,18.419,303216
401,alternativa,0,2813,727.737,316048
401,naive,1,6729,1985.85,0
401,mia_soluzione,1,6729,2.431,303216
401,alternativa,1,6729,706.413,316048
401,naive,2,7210,1596.57,0
401,mia_soluzione,2,7210,6.596,303216
401,alternativa,2,7210,4490.67,316048
401,naive,3,2526,2862.46,0
401,mia_soluzione,3,2526,6.781,303216
401,alternativa,3,2526,339.426,316048
401,naive,4,2242,791.121,0
401,mia_soluzione,4,2242,17.77,303216
401,alternativa,4,2242,340.616,316048
401,naive,5,6750,2458.32,0
401,mia_soluzione,5,6750,1.946,303216
401,alternativa,5,6750,411.67,316048
401,naive,6,2560,611.263,0
401,mia_soluzione,6,2560,11.936,303216
401,alternativa,6,2560,419.495,316048
401,naive,7,3936,1542.04,0
401,mia_soluzione,7,3936,3.137,303216
401,alternativa,7,3936,433.073,316048
401,naive,8,3178,640.781,0
401,mia_soluzione,8,3178,13.661,303216
401,alternativa,8,3178,452.354,316048
401,naive,9,5914,3153.62,0
401,mia_soluzione,9,5914,6.829,303216
401,alternativa,9,5914,517.537,316048
401,naive,10,4341,1521.26,0
401,mia_soluzione,10,4341,5.274,303216
401,alternativa,10,4341,514.779,316048
401,naive,11,6245,3935.74,0
401,mia_soluzione,11,6245,3.134,303216
401,alternativa,11,6245,600.187,316048
401,naive,12,3714,784.328,0
401,mia_soluzione,12,3714,15.076,303216
401,alternativa,12,3714,615.598,316048
401,naive,13,653,12929.7,0
401,mia_soluzione,13,653,10.597,303216
401,alternativa,13,653,655.774,316048
401,naive,14,3735,1129.67,0
401,mia_soluzione,14,3735,4.385,303216
401,alternativa,14,3735,626.513,316048
401,naive,15,6621,2397.61,0
401,mia_soluzione,15,6621,3.501,303216
401,alternativa,15,6621,622.887,316048
401,naive,16,2294,374.44,0
401,mia_soluzione,16,2294,3.896,303216
401,alternativa,16,2294,594.001,316048
401,naive,17,3877,1195.25,0
401,mia_soluzione,17,3877,3.623,303216
401,alternativa,17,3877,595.802,316048
401,naive,18,700,3807.42,0
401,mia_soluzione,18,700,16.47,303216
401,alternativa,18,700,654.977,316048
401,naive,19,5189,1560.87,0
401,mia_soluzione,19,5189,5.341,303216
401,alternativa,19,5189,701.82,316048
401,naive,20,6187,4806.08,0
401,mia_soluzione,20,6187,5.754,303216
401,alternativa,20,6187,677.657,316048
401,naive,21,5178,4218.45,0
401,mia_soluzione,21,5178,3.67,303216
401,alternativa,21,5178,707.525,316048
401,naive,22,6088,4186.3,0
401,mia_soluzione,22,6088,4.648,303216
401,alternativa,22,6088,727.089,316048
401,naive,23,50,16778.7,0
401,mia_soluzione,23,50,16.934,303216
401,alternativa,23,50,765.641,316048
401,naive,24,5852,2049.71,0
401,mia_soluzione,24,5852,4.041,303216
401,alternativa,24,5852,688.003,316048
401,naive,25,7288,2286.14,0
401,mia_soluzione,25,7288,3.288,303216
401,alternativa,25,7288,703.031,316048
401,naive,26,6710,2087.5,0
401,mia_soluzione,26,6710,2.212,303216
401,alternativa,26,6710,682.871,316048
401,naive,27,4236,1605.26,0
401,mia_soluzione,27,4236,3.951,303216
401,alternativa,27,4236,693.272,316048
401,naive,28,7057,2222.81,0
401,mia_soluzione,28,7057,4.057,303216
401,alternativa,28,7057,705.999,316048
401,naive,29,3991,5592.42,0
401,mia_soluzione,29,3991,8.429,303216
401,alternativa,29,3991,6203.15,316048
602,naive,0,1247,26422.4,0
602,mia_soluzione,0,1247,17.643,303216
602,alternativa,0,1247,683.981,314440
602,naive,1,2772,698.799,0
602,mia_soluzione,1,2772,6.211,303216
602,alternativa,1,2772,834.568,314440
602,naive,2,3313,84118.3,0
602,mia_soluzione,2,3313,14.789,303216
602,alternativa,2,3313,4916.25,314440
602,naive,3,772,9560.23,0
602,mia_soluzione,3,772,13.997,303216
602,alternativa,3,772,534.917,314440
602,naive,4,562,1249.25,0
602,mia_soluzione,4,562,16.077,303216
602,alternativa,4,562,581.282,314440
602,naive,5,5942,1180.81,0
602,mia_soluzione,5,5942,3.933,303216
602,alternativa,5,5942,529.755,314440
602,naive,6,2812,945.372,0
602,mia_soluzione,6,2812,4.722,303216
602,alternativa,6,2812,568.104,314440
602,naive,7,2587,695.963,0
602,mia_soluzione,7,2587,3.386,303216
602,alternativa,7,2587,514.468,314440
602,naive,8,6613,2069.52,0
602,mia_soluzione,8,6613,4.372,303216
602,alternativa,8,6613,525.669,314440
602,naive,9,4781,1001.09,0
602,mia_soluzione,9,4781,3.707,303216
602,alternativa,9,4781,524.73,314440
602,naive,10,5175,1599.28,0
602,mia_soluzione,10,5175,4.617,303216
602,alternativa,10,5175,527.352,314440
602,naive,11,6202,3666.56,0
602,mia_soluzione,11,6202,3.02,303216
602,alternativa,11,6202,546.775,314440
602,naive,12,1948,939.717,0
602,mia_soluzione,12,1948,17.929,303216
602,alternativa,12,1948,555.314,314440
602,naive,13,3659,13234.6,0
602,mia_soluzione,13,3659,8.542,303216
602,alternativa,13,3659,600.51,314440
602,naive,14,2405,735.894,0
602,mia_soluzione,14,2405,7.115,303216
602,alternativa,14,2405,541.208,314440
602,naive,15,5654,3477.43,0
602,mia_soluzione,15,5654,5.878,303216
602,alternativa,15,5654,532.069,314440
602,naive,16,63,770.868,0
602,mia_soluzione,16,63,11.839,303216
602,alternativa,16,63,575.315,314440
602,naive,17,6645,1963.71,0
602,mia_soluzione,17,6645,1.842,303216
602,alternativa,17,6645,673.198,314440
602,naive,18,4180,679.352,0
602,mia_soluzione,18,4180,7.089,303216
602,alternativa,18,4180,564.596,314440
602,naive,19,6095,2245.34,0
602,mia_soluzione,19,6095,3.744,303216
602,alternativa,19,6095,597.773,314440
602,naive,20,4787,1149.34,0
602,mia_soluzione,20,4787,3.361,303216
602,alternativa,20,4787,599.226,314440
602,naive,21,3416,12069.9,0
602,mia_soluzione,21,3416,11.969,303216
602,alternativa,21,3416,720.588,314440
602,naive,22,5594,4391.38,0
602,mia_soluzione,22,5594,4,303216
602,alternativa,22,5594,689.045,314440
602,naive,23,7297,1829.82,0
602,mia_soluzione,23,7297,1.728,303216
602,alternativa,23,7297,689.514,314440
602,naive,24,4516,6663.71,0
602,mia_soluzione,24,4516,8.308,303216
602,alternativa,24,4516,656.58,314440
602,naive,25,5233,3923.06,0
602,mia_soluzione,25,5233,5.527,303216
602,alternativa,25,5233,670.417,314440
602,naive,26,2181,868.086,0
602,mia_soluzione,26,2181,4.288,303216
602,alternativa,26,2181,633.12,314440
602,naive,27,1161,456.701,0
602,mia_soluzione,27,1161,8.179,303216
602,alternativa,27,1161,591.127,314440
602,naive,28,1411,554.654,0
602,mia_soluzione,28,1411,19.444,303216
602,alternativa,28,1411,608.892,314440
602,naive,29,4595,7148.18,0
602,mia_soluzione,29,4595,6.154,303216
602,alternativa,29,4595,674.22,314440
802,naive,0,423,3276.11,0
802,mia_soluzione,0,423,5.956,303216
802,alternativa,0,423,559.618,312840
802,naive,1,768,1899.94,0
802,mia_soluzione,1,768,13.265,303216
802,alternativa,1,768,610.252,312840
802,naive,2,5177,13009.9,0
802,mia_soluzione,2,5177,4.371,303216
802,alternativa,2,5177,579.883,312840
802,naive,3,4125,50347.9,0
802,mia_soluzione,3,4125,13.529,303216
802,alternativa,3,4125,4573.77,312840
802,naive,4,6422,5583.4,0
802,mia_soluzione,4,6422,6.539,303216
802,alternativa,4,6422,402.475,312840
802,naive,5,1606,3190.45,0
802,mia_soluzione,5,1606,9.109,303216
802,alternativa,5,1606,432.747,312840
802,naive,6,3928,7167.19,0
802,mia_soluzione,6,3928,7.396,303216
802,alternativa,6,3928,454.13,312840
802,naive,7,5351,570.719,0
802,mia_soluzione,7,5351,4.726,303216
802,alternativa,7,5351,437.975,312840
802,naive,8,1215,2397.59,0
802,mia_soluzione,8,1215,19.678,303216
802,alternativa,8,1215,450.441,312840
802,naive,9,1250,507.151,0
802,mia_soluzione,9,1250,25.198,303216
802,alternativa,9,1250,429.578,312840
802,naive,10,1907,391.884,0
802,mia_soluzione,10,1907,5.048,303216
802,alternativa,10,1907,391.117,312840
802,naive,11,6677,2297.02,0
802,mia_soluzione,11,6677,2.454,303216
802,alternativa,11,6677,421.219,312840
802,naive,12,5323,1854.1,0
802,mia_soluzione,12,5323,3.455,303216
802,alternativa,12,5323,416.881,312840
802,naive,13,6353,3709.46,0
802,mia_soluzione,13,6353,3.812,303216
802,alternativa,13,6353,457.132,312840
802,naive,14,5875,3585.2,0
802,mia_soluzione,14,5875,3.75,303216
802,alternativa,14,5875,486.743,312840
802,naive,15,6868,1837.87,0
802,mia_soluzione,15,6868,2.12,303216
802,alternativa,15,6868,484.043,312840
802,naive,16,3048,31130.1,0
802,mia_soluzione,16,3048,17.251,303216
802,alternativa,16,3048,563.345,312840
802,naive,17,1327,636.418,0
802,mia_soluzione,17,1327,34.725,303216
802,alternativa,17,1327,538.495,312840
802,naive,18,3701,851.608,0
802,mia_soluzione,18,3701,7.016,303216
802,alternativa,18,3701,496.355,312840
802,naive,19,7029,1797.53,0
802,mia_soluzione,19,7029,2.304,303216
802,alternativa,19,7029,524.103,312840
802,naive,20,186,21350.1,0
802,mia_soluzione,20,186,26.153,303216
802,alternativa,20,186,548.528,312840
802,naive,21,783,8311.05,0
802,mia_soluzione,21,783,15.505,303216
802,alternativa,21,783,589.008,312840
802,naive,22,6508,4576.91,0
802,mia_soluzione,22,6508,4.17,303216
802,alternativa,22,6508,536.823,312840
802,naive,23,6929,1941.8,0
802,mia_soluzione,23,6929,2.183,303216
802,alternativa,23,6929,535.077,312840
802,naive,24,2675,903.576,0
802,mia_soluzione,24,2675,5.229,303216
802,alternativa,24,2675,515.22,312840
802,naive,25,1425,15918.3,0
802,mia_soluzione,25,1425,20.314,303216
802,alternativa,25,1425,586.001,312840
802,naive,26,2929,877.036,0
802,mia_soluzione,26,2929,4.922,303216
802,alternativa,26,2929,554.3,312840
802,naive,27,2525,920.844,0
802,mia_soluzione,27,2525,6.618,303216
802,alternativa,27,2525,522.588,312840
802,naive,28,5041,1300.02,0
802,mia_soluzione,28,5041,4.032,303216
802,alternativa,28,5041,532.563,312840
802,naive,29,773,907.589,0
802,mia_soluzione,29,773,33.933,303216
802,alternativa,29,773,529.155,312840
