node_id,lambda_size,W_size,time_bf_us,time_pruning_us,time_lsh_us,speedup,cand_bf,cand_lsh,found,candidate_node,time_window,similarity
1,337,182,31400.7,30144.5,1227.94,25.5719,345436,0,0,,-1,0
10,5,182,19.483,11.163,141.602,0.13759,220,0,0,,-1,0
100,7,182,30873.3,31143.9,146.938,210.111,345436,0,0,,-1,0
1000,74,182,31008.6,31270,137.8,225.026,345436,0,0,,-1,0
1001,11,182,31154.9,31362.7,157.674,197.59,345436,0,0,,-1,0
1002,21,182,31372.4,31649.7,122.396,256.319,345436,0,0,,-1,0
1003,4,182,31516,32491.6,126.223,249.685,345436,0,0,,-1,0
1004,143,182,31542.7,31685.5,137.32,229.702,345436,0,0,,-1,0
1005,23,182,31391.9,31731.7,165.913,189.207,345436,0,0,,-1,0
1006,48,182,31507.7,31885.3,145.601,216.397,345436,0,0,,-1,0
1007,1,182,8.514,4.627,5.194,1.6392,83,5,1,458,1082040961,1
1008,5,182,31542.7,31837.7,127.044,248.282,345436,0,0,,-1,0
1009,31,182,31539.2,31896.3,151.245,208.531,345436,0,0,,-1,0
101,165,182,31806.7,31893.9,146.213,217.537,345436,0,0,,-1,0
1010,4,182,31593.8,31879.2,123.803,255.194,345436,0,0,,-1,0
1011,1,182,31596,31858.6,139.631,226.282,345436,0,0,,-1,0
1012,5,182,31636.9,31870.7,125.63,251.826,345436,0,0,,-1,0
1013,77,182,31601.5,31891.4,144.369,218.894,345436,0,0,,-1,0
1014,53,182,31853.2,32528.4,130.053,244.925,345436,0,0,,-1,0
1015,11,182,31688,31951.4,123.199,257.21,345436,0,0,,-1,0
