node_id,lambda_size,W_size,time_bf_us,time_pruning_us,time_lsh_us,speedup,cand_bf,cand_lsh,found,candidate_node,time_window,similarity,exact_similarity,candidates_list,matching_nodes_list
0,823,255,24969.8,23057.8,12379,2.01712,251175,1275,0,,-1,0,0,"249;410;599;693;716",""
1,116,255,23988.3,23821.5,994.793,24.1138,251175,255,0,,-1,0,0,"46",""
10,16,255,24541.4,24121.2,313.782,78.2117,251175,0,0,,-1,0,0,"",""
100,1,255,5.614,2.106,4.958,1.13231,38,1,1,128,0,1,1,"128","128@t0(s=1.00)"
1000,174,255,24209.9,23934.3,3667.11,6.6019,251175,1530,0,,-1,0,0,"216;25;41;672;679;704",""
1001,1879,255,24511.8,24666.1,15129.1,1.62018,251175,1785,0,,-1,0,0,"14;537;654;828;881;921;996",""
1002,70,255,25001.8,24057.2,339.466,73.6505,251175,0,0,,-1,0,0,"",""
1003,125,255,24629.4,24232.6,836.303,29.4503,251175,255,0,,-1,0,0,"291",""
1004,1133,255,26510.2,27544.2,1558.1,17.0145,251175,255,0,,-1,0,0,"270",""
101,725,255,25169.9,24855.1,4325.55,5.8189,251175,765,0,,-1,0,0,"246;410;423",""
102,105,255,25492.1,24777.4,3547.66,7.18562,251175,1020,0,,-1,0,0,"206;303;510;780",""
103,781,255,25678.8,24924.3,10097.7,2.54304,251175,2295,0,,-1,0,0,"322;337;399;402;42;509;603;649;853",""
104,1834,255,25597.6,25097.3,57553,0.444765,251175,8160,0,,-1,0,0,"126;133;166;232;256;260;266;294;30;305;313;356;425;439;447;472;52;575;602;648;699;721;730;74;759;765;77;790;845;908;912;949",""
105,935,255,26622,24317.1,314.677,84.6009,251175,0,0,,-1,0,0,"",""
106,303,255,24382.7,24148.2,12205.5,1.99769,251175,2040,0,,-1,0,0,"139;343;402;514;638;780;832;950",""
107,2241,255,25964.4,24003.6,4491.34,5.78099,251175,510,0,,-1,0,0,"190;335",""
108,2,255,24758.8,24132.6,288.884,85.705,251175,0,0,,-1,0,0,"",""
109,71,255,24577.4,27010.2,930.633,26.4094,251175,255,0,,-1,0,0,"439",""
11,48,255,28707.8,25578,321.282,89.354,251175,0,0,,-1,0,0,"",""
110,38,255,24388,24631.3,319.415,76.352,251175,0,0,,-1,0,0,"",""
